Customer ID,Assigned Discount,New Subscriber Offers
1,12%,Yes
2,12%,Yes
3,7%,No
4,15%,No
5,7%,No
6,15%,No
7,10%,Yes
8,12%,Yes
9,5%,No
10,7%,No
11,15%,No
12,12%,Yes
13,5%,No
14,7%,No
15,5%,No
16,12%,Yes
17,7%,No
18,12%,Yes
19,10%,Yes
20,10%,Yes
21,12%,Yes
22,12%,Yes
23,10%,Yes
24,12%,Yes
25,5%,No
26,10%,Yes
27,7%,No
28,10%,Yes
29,10%,Yes
30,10%,Yes
31,12%,Yes
32,12%,Yes
33,5%,No
34,10%,Yes
35,7%,No
36,10%,Yes
37,12%,Yes
38,10%,Yes
39,12%,Yes
40,10%,Yes
41,12%,Yes
42,7%,No
43,5%,No
44,10%,Yes
45,10%,Yes
46,10%,Yes
47,10%,Yes
48,12%,Yes
49,10%,Yes
50,7%,No
51,7%,No
52,12%,Yes
53,10%,Yes
54,12%,Yes
55,5%,No
56,5%,No
57,10%,Yes
58,5%,No
59,10%,Yes
60,7%,No
61,10%,Yes
62,12%,Yes
63,15%,No
64,12%,Yes
65,15%,No
66,7%,No
67,12%,Yes
68,5%,No
69,10%,Yes
70,10%,Yes
71,10%,Yes
72,10%,Yes
73,12%,Yes
74,7%,No
75,7%,No
76,10%,Yes
77,10%,Yes
78,10%,Yes
79,7%,No
80,5%,No
81,15%,No
82,15%,No
83,7%,No
84,10%,Yes
85,5%,No
86,12%,Yes
87,7%,No
88,15%,No
89,10%,Yes
90,5%,No
91,10%,Yes
92,12%,Yes
93,5%,No
94,10%,Yes
95,7%,No
96,15%,No
97,7%,No
98,15%,No
99,7%,No
100,10%,Yes
101,10%,Yes
102,5%,No
103,12%,Yes
104,15%,No
105,7%,No
106,10%,Yes
107,5%,No
108,15%,No
109,7%,No
110,7%,No
111,10%,Yes
112,10%,Yes
113,7%,No
114,12%,Yes
115,5%,No
116,7%,No
117,15%,No
118,15%,No
119,10%,Yes
120,5%,No
121,10%,Yes
122,12%,Yes
123,7%,No
124,10%,Yes
125,7%,No
126,12%,Yes
127,7%,No
128,12%,Yes
129,7%,No
130,10%,Yes
131,10%,Yes
132,10%,Yes
133,10%,Yes
134,12%,Yes
135,10%,Yes
136,15%,No
137,12%,Yes
138,15%,No
139,12%,Yes
140,5%,No
141,10%,Yes
142,10%,Yes
143,5%,No
144,5%,No
145,15%,No
146,10%,Yes
147,10%,Yes
148,15%,No
149,10%,Yes
150,10%,Yes
151,15%,No
152,10%,Yes
153,10%,Yes
154,12%,Yes
155,10%,Yes
156,7%,No
157,10%,Yes
158,10%,Yes
159,10%,Yes
160,10%,Yes
161,10%,Yes
162,10%,Yes
163,10%,Yes
164,10%,Yes
165,7%,No
166,12%,Yes
167,15%,No
168,10%,Yes
169,15%,No
170,5%,No
171,10%,Yes
172,10%,Yes
173,10%,Yes
174,10%,Yes
175,15%,No
176,5%,No
177,7%,No
178,10%,Yes
179,10%,Yes
180,15%,No
181,15%,No
182,10%,Yes
183,10%,Yes
184,7%,No
185,15%,No
186,10%,Yes
187,10%,Yes
188,15%,No
189,7%,No
190,10%,Yes
191,5%,No
192,10%,Yes
193,15%,No
194,10%,Yes
195,7%,No
196,5%,No
197,15%,No
198,10%,Yes
199,12%,Yes
200,10%,Yes
201,10%,Yes
202,10%,Yes
203,7%,No
204,10%,Yes
205,15%,No
206,12%,Yes
207,10%,Yes
208,10%,Yes
209,7%,No
210,15%,No
211,5%,No
212,10%,Yes
213,10%,Yes
214,10%,Yes
215,5%,No
216,7%,No
217,7%,No
218,12%,Yes
219,7%,No
220,7%,No
221,15%,No
222,10%,Yes
223,7%,No
224,7%,No
225,10%,Yes
226,5%,No
227,15%,No
228,12%,Yes
229,7%,No
230,15%,No
231,10%,Yes
232,7%,No
233,12%,Yes
234,10%,Yes
235,10%,Yes
236,12%,Yes
237,5%,No
238,10%,Yes
239,10%,Yes
240,10%,Yes
241,12%,Yes
242,12%,Yes
243,5%,No
244,12%,Yes
245,7%,No
246,15%,No
247,7%,No
248,7%,No
249,12%,Yes
250,10%,Yes
251,10%,Yes
252,12%,Yes
253,10%,Yes
254,15%,No
255,12%,Yes
256,7%,No
257,7%,No
258,10%,Yes
259,7%,No
260,10%,Yes
261,12%,Yes
262,12%,Yes
263,10%,Yes
264,10%,Yes
265,10%,Yes
266,7%,No
267,10%,Yes
268,7%,No
269,15%,No
270,12%,Yes
271,10%,Yes
272,10%,Yes
273,10%,Yes
274,5%,No
275,7%,No
276,12%,Yes
277,10%,Yes
278,12%,Yes
279,7%,No
280,15%,No
281,15%,No
282,7%,No
283,10%,Yes
284,10%,Yes
285,10%,Yes
286,10%,Yes
287,10%,Yes
288,7%,No
289,12%,Yes
290,5%,No
291,12%,Yes
292,10%,Yes
293,15%,No
294,7%,No
295,7%,No
296,12%,Yes
297,15%,No
298,15%,No
299,12%,Yes
300,15%,No
301,7%,No
302,7%,No
303,10%,Yes
304,15%,No
305,12%,Yes
306,10%,Yes
307,5%,No
308,12%,Yes
309,10%,Yes
310,7%,No
311,12%,Yes
312,12%,Yes
313,7%,No
314,7%,No
315,10%,Yes
316,7%,No
317,10%,Yes
318,10%,Yes
319,12%,Yes
320,7%,No
321,10%,Yes
322,15%,No
323,12%,Yes
324,12%,Yes
325,10%,Yes
326,12%,Yes
327,10%,Yes
328,5%,No
329,5%,No
330,10%,Yes
331,12%,Yes
332,10%,Yes
333,12%,Yes
334,12%,Yes
335,10%,Yes
336,7%,No
337,10%,Yes
338,12%,Yes
339,12%,Yes
340,7%,No
341,10%,Yes
342,10%,Yes
343,5%,No
344,15%,No
345,12%,Yes
346,15%,No
347,7%,No
348,15%,No
349,10%,Yes
350,12%,Yes
351,7%,No
352,12%,Yes
353,10%,Yes
354,15%,No
355,10%,Yes
356,10%,Yes
357,7%,No
358,7%,No
359,10%,Yes
360,15%,No
361,10%,Yes
362,7%,No
363,15%,No
364,12%,Yes
365,15%,No
366,10%,Yes
367,7%,No
368,7%,No
369,7%,No
370,10%,Yes
371,12%,Yes
372,15%,No
373,10%,Yes
374,5%,No
375,7%,No
376,10%,Yes
377,15%,No
378,7%,No
379,12%,Yes
380,10%,Yes
381,10%,Yes
382,12%,Yes
383,12%,Yes
384,10%,Yes
385,10%,Yes
386,10%,Yes
387,7%,No
388,5%,No
389,10%,Yes
390,15%,No
391,12%,Yes
392,7%,No
393,7%,No
394,15%,No
395,7%,No
396,15%,No
397,10%,Yes
398,10%,Yes
399,15%,No
400,10%,Yes
401,15%,No
402,10%,Yes
403,10%,Yes
404,15%,No
405,7%,No
406,10%,Yes
407,7%,No
408,7%,No
409,15%,No
410,12%,Yes
411,7%,No
412,10%,Yes
413,5%,No
414,10%,Yes
415,12%,Yes
416,5%,No
417,7%,No
418,15%,No
419,7%,No
420,12%,Yes
421,7%,No
422,12%,Yes
423,10%,Yes
424,7%,No
425,12%,Yes
426,12%,Yes
427,12%,Yes
428,12%,Yes
429,5%,No
430,15%,No
431,10%,Yes
432,12%,Yes
433,10%,Yes
434,10%,Yes
435,15%,No
436,5%,No
437,10%,Yes
438,10%,Yes
439,12%,Yes
440,5%,No
441,12%,Yes
442,12%,Yes
443,10%,Yes
444,10%,Yes
445,10%,Yes
446,15%,No
447,10%,Yes
448,7%,No
449,10%,Yes
450,10%,Yes
451,15%,No
452,10%,Yes
453,10%,Yes
454,12%,Yes
455,5%,No
456,10%,Yes
457,10%,Yes
458,7%,No
459,12%,Yes
460,12%,Yes
461,15%,No
462,15%,No
463,5%,No
464,10%,Yes
465,12%,Yes
466,10%,Yes
467,12%,Yes
468,7%,No
469,10%,Yes
470,10%,Yes
471,10%,Yes
472,12%,Yes
473,12%,Yes
474,5%,No
475,10%,Yes
476,15%,No
477,7%,No
478,10%,Yes
479,12%,Yes
480,12%,Yes
481,10%,Yes
482,10%,Yes
483,12%,Yes
484,10%,Yes
485,10%,Yes
486,15%,No
487,15%,No
488,5%,No
489,7%,No
490,10%,Yes
491,15%,No
492,5%,No
493,10%,Yes
494,10%,Yes
495,15%,No
496,10%,Yes
497,10%,Yes
498,15%,No
499,15%,No
500,15%,No
501,10%,Yes
502,15%,No
503,10%,Yes
504,15%,No
505,15%,No
506,7%,No
507,10%,Yes
508,7%,No
509,12%,Yes
510,10%,Yes
511,10%,Yes
512,10%,Yes
513,12%,Yes
514,10%,Yes
515,12%,Yes
516,7%,No
517,10%,Yes
518,15%,No
519,10%,Yes
520,10%,Yes
521,7%,No
522,12%,Yes
523,7%,No
524,15%,No
525,10%,Yes
526,5%,No
527,12%,Yes
528,12%,Yes
529,15%,No
530,10%,Yes
531,5%,No
532,15%,No
533,12%,Yes
534,15%,No
535,10%,Yes
536,7%,No
537,5%,No
538,10%,Yes
539,7%,No
540,5%,No
541,7%,No
542,5%,No
543,15%,No
544,7%,No
545,15%,No
546,5%,No
547,12%,Yes
548,5%,No
549,12%,Yes
550,10%,Yes
551,10%,Yes
552,5%,No
553,10%,Yes
554,12%,Yes
555,15%,No
556,10%,Yes
557,5%,No
558,7%,No
559,15%,No
560,10%,Yes
561,10%,Yes
562,5%,No
563,10%,Yes
564,15%,No
565,12%,Yes
566,10%,Yes
567,15%,No
568,12%,Yes
569,10%,Yes
570,10%,Yes
571,10%,Yes
572,5%,No
573,10%,Yes
574,10%,Yes
575,15%,No
576,10%,Yes
577,12%,Yes
578,10%,Yes
579,15%,No
580,15%,No
581,7%,No
582,12%,Yes
583,5%,No
584,7%,No
585,7%,No
586,10%,Yes
587,12%,Yes
588,10%,Yes
589,15%,No
590,10%,Yes
591,10%,Yes
592,10%,Yes
593,15%,No
594,5%,No
595,12%,Yes
596,15%,No
597,15%,No
598,10%,Yes
599,12%,Yes
600,15%,No
601,7%,No
602,10%,Yes
603,15%,No
604,12%,Yes
605,10%,Yes
606,12%,Yes
607,7%,No
608,10%,Yes
609,10%,Yes
610,10%,Yes
611,10%,Yes
612,12%,Yes
613,10%,Yes
614,5%,No
615,12%,Yes
616,15%,No
617,7%,No
618,10%,Yes
619,5%,No
620,10%,Yes
621,10%,Yes
622,10%,Yes
623,7%,No
624,15%,No
625,10%,Yes
626,10%,Yes
627,7%,No
628,15%,No
629,10%,Yes
630,15%,No
631,10%,Yes
632,15%,No
633,12%,Yes
634,15%,No
635,15%,No
636,10%,Yes
637,10%,Yes
638,12%,Yes
639,15%,No
640,7%,No
641,10%,Yes
642,12%,Yes
643,7%,No
644,12%,Yes
645,10%,Yes
646,10%,Yes
647,15%,No
648,10%,Yes
649,12%,Yes
650,7%,No
651,7%,No
652,10%,Yes
653,12%,Yes
654,12%,Yes
655,10%,Yes
656,10%,Yes
657,10%,Yes
658,5%,No
659,10%,Yes
660,7%,No
661,5%,No
662,10%,Yes
663,10%,Yes
664,10%,Yes
665,12%,Yes
666,7%,No
667,12%,Yes
668,12%,Yes
669,10%,Yes
670,5%,No
671,7%,No
672,5%,No
673,12%,Yes
674,7%,No
675,12%,Yes
676,7%,No
677,12%,Yes
678,10%,Yes
679,10%,Yes
680,15%,No
681,15%,No
682,12%,Yes
683,5%,No
684,15%,No
685,10%,Yes
686,12%,Yes
687,10%,Yes
688,12%,Yes
689,10%,Yes
690,10%,Yes
691,7%,No
692,10%,Yes
693,7%,No
694,7%,No
695,10%,Yes
696,10%,Yes
697,10%,Yes
698,10%,Yes
699,15%,No
700,10%,Yes
701,12%,Yes
702,15%,No
703,12%,Yes
704,10%,Yes
705,7%,No
706,10%,Yes
707,10%,Yes
708,7%,No
709,10%,Yes
710,5%,No
711,7%,No
712,15%,No
713,10%,Yes
714,10%,Yes
715,5%,No
716,7%,No
717,7%,No
718,7%,No
719,10%,Yes
720,10%,Yes
721,10%,Yes
722,10%,Yes
723,10%,Yes
724,10%,Yes
725,10%,Yes
726,12%,Yes
727,10%,Yes
728,12%,Yes
729,12%,Yes
730,10%,Yes
731,15%,No
732,5%,No
733,7%,No
734,10%,Yes
735,12%,Yes
736,10%,Yes
737,7%,No
738,7%,No
739,12%,Yes
740,10%,Yes
741,10%,Yes
742,10%,Yes
743,10%,Yes
744,10%,Yes
745,15%,No
746,10%,Yes
747,15%,No
748,7%,No
749,10%,Yes
750,12%,Yes
751,10%,Yes
752,10%,Yes
753,10%,Yes
754,15%,No
755,7%,No
756,5%,No
757,10%,Yes
758,10%,Yes
759,15%,No
760,12%,Yes
761,10%,Yes
762,10%,Yes
763,10%,Yes
764,7%,No
765,10%,Yes
766,15%,No
767,12%,Yes
768,5%,No
769,7%,No
770,7%,No
771,15%,No
772,10%,Yes
773,10%,Yes
774,12%,Yes
775,10%,Yes
776,12%,Yes
777,7%,No
778,7%,No
779,10%,Yes
780,7%,No
781,15%,No
782,12%,Yes
783,10%,Yes
784,12%,Yes
785,12%,Yes
786,7%,No
787,12%,Yes
788,7%,No
789,10%,Yes
790,10%,Yes
791,10%,Yes
792,10%,Yes
793,15%,No
794,10%,Yes
795,12%,Yes
796,15%,No
797,10%,Yes
798,5%,No
799,7%,No
800,10%,Yes
801,10%,Yes
802,10%,Yes
803,12%,Yes
804,12%,Yes
805,15%,No
806,10%,Yes
807,10%,Yes
808,12%,Yes
809,15%,No
810,15%,No
811,10%,Yes
812,15%,No
813,15%,No
814,10%,Yes
815,12%,Yes
816,7%,No
817,10%,Yes
818,7%,No
819,12%,Yes
820,12%,Yes
821,15%,No
822,7%,No
823,12%,Yes
824,12%,Yes
825,7%,No
826,10%,Yes
827,12%,Yes
828,15%,No
829,10%,Yes
830,7%,No
831,10%,Yes
832,10%,Yes
833,5%,No
834,10%,Yes
835,10%,Yes
836,15%,No
837,12%,Yes
838,7%,No
839,5%,No
840,7%,No
841,10%,Yes
842,10%,Yes
843,7%,No
844,10%,Yes
845,15%,No
846,12%,Yes
847,15%,No
848,10%,Yes
849,15%,No
850,7%,No
851,15%,No
852,15%,No
853,7%,No
854,12%,Yes
855,7%,No
856,7%,No
857,10%,Yes
858,10%,Yes
859,5%,No
860,12%,Yes
861,15%,No
862,7%,No
863,5%,No
864,15%,No
865,12%,Yes
866,12%,Yes
867,10%,Yes
868,5%,No
869,10%,Yes
870,7%,No
871,10%,Yes
872,7%,No
873,7%,No
874,15%,No
875,5%,No
876,15%,No
877,10%,Yes
878,12%,Yes
879,10%,Yes
880,7%,No
881,7%,No
882,15%,No
883,15%,No
884,15%,No
885,12%,Yes
886,10%,Yes
887,10%,Yes
888,12%,Yes
889,7%,No
890,10%,Yes
891,7%,No
892,10%,Yes
893,10%,Yes
894,7%,No
895,7%,No
896,7%,No
897,7%,No
898,7%,No
899,7%,No
900,10%,Yes
901,10%,Yes
902,10%,Yes
903,10%,Yes
904,5%,No
905,7%,No
906,7%,No
907,7%,No
908,12%,Yes
909,12%,Yes
910,10%,Yes
911,7%,No
912,12%,Yes
913,12%,Yes
914,15%,No
915,10%,Yes
916,12%,Yes
917,7%,No
918,7%,No
919,7%,No
920,12%,Yes
921,10%,Yes
922,5%,No
923,15%,No
924,7%,No
925,12%,Yes
926,12%,Yes
927,7%,No
928,15%,No
929,12%,Yes
930,15%,No
931,10%,Yes
932,5%,No
933,12%,Yes
934,15%,No
935,7%,No
936,10%,Yes
937,15%,No
938,10%,Yes
939,10%,Yes
940,12%,Yes
941,7%,No
942,12%,Yes
943,12%,Yes
944,12%,Yes
945,7%,No
946,15%,No
947,5%,No
948,12%,Yes
949,10%,Yes
950,10%,Yes
951,12%,Yes
952,10%,Yes
953,10%,Yes
954,7%,No
955,10%,Yes
956,10%,Yes
957,7%,No
958,7%,No
959,15%,No
960,7%,No
961,7%,No
962,15%,No
963,7%,No
964,15%,No
965,15%,No
966,15%,No
967,7%,No
968,10%,Yes
969,10%,Yes
970,5%,No
971,12%,Yes
972,10%,Yes
973,15%,No
974,5%,No
975,7%,No
976,10%,Yes
977,10%,Yes
978,7%,No
979,10%,Yes
980,10%,Yes
981,15%,No
982,7%,No
983,5%,No
984,12%,Yes
985,15%,No
986,10%,Yes
987,7%,No
988,10%,Yes
989,12%,Yes
990,15%,No
991,7%,No
992,7%,No
993,5%,No
994,15%,No
995,15%,No
996,7%,No
997,15%,No
998,7%,No
999,15%,No
1000,7%,No
1001,12%,Yes
1002,10%,Yes
1003,15%,No
1004,10%,Yes
1005,10%,Yes
1006,12%,Yes
1007,10%,Yes
1008,7%,No
1009,7%,No
1010,10%,Yes
1011,7%,No
1012,7%,No
1013,15%,No
1014,10%,Yes
1015,15%,No
1016,10%,Yes
1017,10%,Yes
1018,5%,No
1019,7%,No
1020,12%,Yes
1021,10%,Yes
1022,5%,No
1023,12%,Yes
1024,12%,Yes
1025,10%,Yes
1026,12%,Yes
1027,12%,Yes
1028,10%,Yes
1029,10%,Yes
1030,7%,No
1031,5%,No
1032,15%,No
1033,15%,No
1034,7%,No
1035,10%,Yes
1036,10%,Yes
1037,10%,Yes
1038,7%,No
1039,10%,Yes
1040,10%,Yes
1041,10%,Yes
1042,10%,Yes
1043,7%,No
1044,7%,No
1045,10%,Yes
1046,10%,Yes
1047,15%,No
1048,10%,Yes
1049,10%,Yes
1050,10%,Yes
1051,15%,No
1052,10%,Yes
1053,15%,No
1054,7%,No
1055,12%,Yes
1056,5%,No
1057,12%,Yes
1058,5%,No
1059,10%,Yes
1060,5%,No
1061,10%,Yes
1062,5%,No
1063,15%,No
1064,10%,Yes
1065,7%,No
1066,7%,No
1067,5%,No
1068,10%,Yes
1069,10%,Yes
1070,10%,Yes
1071,10%,Yes
1072,10%,Yes
1073,10%,Yes
1074,7%,No
1075,10%,Yes
1076,10%,Yes
1077,5%,No
1078,5%,No
1079,10%,Yes
1080,5%,No
1081,10%,Yes
1082,7%,No
1083,12%,Yes
1084,10%,Yes
1085,10%,Yes
1086,12%,Yes
1087,12%,Yes
1088,12%,Yes
1089,12%,Yes
1090,7%,No
1091,7%,No
1092,7%,No
1093,7%,No
1094,15%,No
1095,12%,Yes
1096,5%,No
1097,5%,No
1098,10%,Yes
1099,7%,No
1100,10%,Yes
1101,7%,No
1102,10%,Yes
1103,10%,Yes
1104,7%,No
1105,10%,Yes
1106,7%,No
1107,12%,Yes
1108,15%,No
1109,10%,Yes
1110,12%,Yes
1111,10%,Yes
1112,15%,No
1113,7%,No
1114,10%,Yes
1115,10%,Yes
1116,10%,Yes
1117,12%,Yes
1118,7%,No
1119,10%,Yes
1120,7%,No
1121,15%,No
1122,10%,Yes
1123,7%,No
1124,10%,Yes
1125,7%,No
1126,15%,No
1127,12%,Yes
1128,7%,No
1129,12%,Yes
1130,12%,Yes
1131,10%,Yes
1132,7%,No
1133,7%,No
1134,15%,No
1135,10%,Yes
1136,12%,Yes
1137,10%,Yes
1138,12%,Yes
1139,10%,Yes
1140,5%,No
1141,12%,Yes
1142,12%,Yes
1143,7%,No
1144,15%,No
1145,10%,Yes
1146,15%,No
1147,15%,No
1148,12%,Yes
1149,7%,No
1150,7%,No
1151,12%,Yes
1152,7%,No
1153,10%,Yes
1154,10%,Yes
1155,7%,No
1156,10%,Yes
1157,15%,No
1158,10%,Yes
1159,10%,Yes
1160,10%,Yes
1161,10%,Yes
1162,10%,Yes
1163,15%,No
1164,10%,Yes
1165,12%,Yes
1166,12%,Yes
1167,12%,Yes
1168,10%,Yes
1169,10%,Yes
1170,10%,Yes
1171,7%,No
1172,7%,No
1173,5%,No
1174,12%,Yes
1175,12%,Yes
1176,7%,No
1177,12%,Yes
1178,7%,No
1179,7%,No
1180,10%,Yes
1181,7%,No
1182,10%,Yes
1183,7%,No
1184,7%,No
1185,10%,Yes
1186,7%,No
1187,10%,Yes
1188,10%,Yes
1189,10%,Yes
1190,10%,Yes
1191,12%,Yes
1192,12%,Yes
1193,5%,No
1194,5%,No
1195,12%,Yes
1196,12%,Yes
1197,12%,Yes
1198,15%,No
1199,10%,Yes
1200,15%,No
1201,5%,No
1202,15%,No
1203,7%,No
1204,15%,No
1205,7%,No
1206,7%,No
1207,10%,Yes
1208,15%,No
1209,15%,No
1210,12%,Yes
1211,10%,Yes
1212,7%,No
1213,15%,No
1214,7%,No
1215,5%,No
1216,12%,Yes
1217,10%,Yes
1218,15%,No
1219,15%,No
1220,12%,Yes
1221,12%,Yes
1222,12%,Yes
1223,10%,Yes
1224,12%,Yes
1225,10%,Yes
1226,10%,Yes
1227,15%,No
1228,7%,No
1229,5%,No
1230,12%,Yes
1231,7%,No
1232,7%,No
1233,10%,Yes
1234,12%,Yes
1235,10%,Yes
1236,7%,No
1237,10%,Yes
1238,7%,No
1239,12%,Yes
1240,5%,No
1241,12%,Yes
1242,12%,Yes
1243,10%,Yes
1244,7%,No
1245,10%,Yes
1246,10%,Yes
1247,12%,Yes
1248,7%,No
1249,12%,Yes
1250,15%,No
1251,12%,Yes
1252,7%,No
1253,15%,No
1254,15%,No
1255,15%,No
1256,10%,Yes
1257,5%,No
1258,7%,No
1259,15%,No
1260,10%,Yes
1261,7%,No
1262,10%,Yes
1263,15%,No
1264,12%,Yes
1265,12%,Yes
1266,7%,No
1267,10%,Yes
1268,7%,No
1269,5%,No
1270,7%,No
1271,10%,Yes
1272,7%,No
1273,15%,No
1274,7%,No
1275,7%,No
1276,10%,Yes
1277,15%,No
1278,7%,No
1279,10%,Yes
1280,10%,Yes
1281,12%,Yes
1282,7%,No
1283,12%,Yes
1284,12%,Yes
1285,7%,No
1286,10%,Yes
1287,12%,Yes
1288,12%,Yes
1289,12%,Yes
1290,5%,No
1291,7%,No
1292,15%,No
1293,10%,Yes
1294,10%,Yes
1295,10%,Yes
1296,15%,No
1297,7%,No
1298,15%,No
1299,10%,Yes
1300,10%,Yes
1301,7%,No
1302,10%,Yes
1303,15%,No
1304,10%,Yes
1305,7%,No
1306,7%,No
1307,12%,Yes
1308,5%,No
1309,10%,Yes
1310,10%,Yes
1311,12%,Yes
1312,15%,No
1313,12%,Yes
1314,15%,No
1315,15%,No
1316,7%,No
1317,7%,No
1318,7%,No
1319,7%,No
1320,7%,No
1321,10%,Yes
1322,12%,Yes
1323,12%,Yes
1324,7%,No
1325,10%,Yes
1326,10%,Yes
1327,15%,No
1328,5%,No
1329,12%,Yes
1330,10%,Yes
1331,10%,Yes
1332,7%,No
1333,7%,No
1334,12%,Yes
1335,5%,No
1336,15%,No
1337,15%,No
1338,7%,No
1339,12%,Yes
1340,12%,Yes
1341,10%,Yes
1342,10%,Yes
1343,10%,Yes
1344,15%,No
1345,10%,Yes
1346,10%,Yes
1347,12%,Yes
1348,10%,Yes
1349,7%,No
1350,7%,No
1351,10%,Yes
1352,5%,No
1353,7%,No
1354,12%,Yes
1355,7%,No
1356,10%,Yes
1357,5%,No
1358,10%,Yes
1359,7%,No
1360,12%,Yes
1361,10%,Yes
1362,10%,Yes
1363,5%,No
1364,10%,Yes
1365,10%,Yes
1366,12%,Yes
1367,10%,Yes
1368,10%,Yes
1369,10%,Yes
1370,15%,No
1371,10%,Yes
1372,7%,No
1373,10%,Yes
1374,12%,Yes
1375,10%,Yes
1376,15%,No
1377,15%,No
1378,7%,No
1379,5%,No
1380,10%,Yes
1381,15%,No
1382,15%,No
1383,5%,No
1384,7%,No
1385,15%,No
1386,10%,Yes
1387,5%,No
1388,12%,Yes
1389,7%,No
1390,10%,Yes
1391,10%,Yes
1392,12%,Yes
1393,7%,No
1394,7%,No
1395,5%,No
1396,7%,No
1397,12%,Yes
1398,10%,Yes
1399,10%,Yes
1400,12%,Yes
1401,10%,Yes
1402,15%,No
1403,10%,Yes
1404,7%,No
1405,12%,Yes
1406,12%,Yes
1407,7%,No
1408,7%,No
1409,12%,Yes
1410,7%,No
1411,10%,Yes
1412,10%,Yes
1413,10%,Yes
1414,10%,Yes
1415,10%,Yes
1416,12%,Yes
1417,15%,No
1418,7%,No
1419,10%,Yes
1420,10%,Yes
1421,10%,Yes
1422,7%,No
1423,10%,Yes
1424,15%,No
1425,5%,No
1426,5%,No
1427,10%,Yes
1428,10%,Yes
1429,10%,Yes
1430,10%,Yes
1431,15%,No
1432,10%,Yes
1433,12%,Yes
1434,12%,Yes
1435,10%,Yes
1436,10%,Yes
1437,15%,No
1438,15%,No
1439,5%,No
1440,15%,No
1441,15%,No
1442,10%,Yes
1443,7%,No
1444,15%,No
1445,10%,Yes
1446,10%,Yes
1447,10%,Yes
1448,10%,Yes
1449,15%,No
1450,12%,Yes
1451,12%,Yes
1452,5%,No
1453,5%,No
1454,15%,No
1455,15%,No
1456,10%,Yes
1457,5%,No
1458,7%,No
1459,7%,No
1460,15%,No
1461,15%,No
1462,10%,Yes
1463,15%,No
1464,10%,Yes
1465,12%,Yes
1466,12%,Yes
1467,10%,Yes
1468,12%,Yes
1469,10%,Yes
1470,12%,Yes
1471,15%,No
1472,7%,No
1473,7%,No
1474,10%,Yes
1475,10%,Yes
1476,7%,No
1477,10%,Yes
1478,10%,Yes
1479,10%,Yes
1480,5%,No
1481,10%,Yes
1482,7%,No
1483,7%,No
1484,10%,Yes
1485,10%,Yes
1486,7%,No
1487,15%,No
1488,10%,Yes
1489,12%,Yes
1490,10%,Yes
1491,15%,No
1492,10%,Yes
1493,5%,No
1494,10%,Yes
1495,7%,No
1496,12%,Yes
1497,12%,Yes
1498,5%,No
1499,10%,Yes
1500,15%,No
1501,10%,Yes
1502,7%,No
1503,10%,Yes
1504,5%,No
1505,5%,No
1506,10%,Yes
1507,10%,Yes
1508,12%,Yes
1509,7%,No
1510,10%,Yes
1511,10%,Yes
1512,12%,Yes
1513,15%,No
1514,7%,No
1515,15%,No
1516,10%,Yes
1517,12%,Yes
1518,7%,No
1519,12%,Yes
1520,10%,Yes
1521,10%,Yes
1522,10%,Yes
1523,7%,No
1524,10%,Yes
1525,10%,Yes
1526,12%,Yes
1527,5%,No
1528,10%,Yes
1529,7%,No
1530,12%,Yes
1531,5%,No
1532,7%,No
1533,5%,No
1534,15%,No
1535,10%,Yes
1536,15%,No
1537,10%,Yes
1538,15%,No
1539,10%,Yes
1540,7%,No
1541,12%,Yes
1542,12%,Yes
1543,12%,Yes
1544,10%,Yes
1545,7%,No
1546,12%,Yes
1547,15%,No
1548,10%,Yes
1549,10%,Yes
1550,15%,No
1551,10%,Yes
1552,10%,Yes
1553,7%,No
1554,7%,No
1555,12%,Yes
1556,12%,Yes
1557,10%,Yes
1558,10%,Yes
1559,10%,Yes
1560,10%,Yes
1561,12%,Yes
1562,10%,Yes
1563,12%,Yes
1564,10%,Yes
1565,10%,Yes
1566,10%,Yes
1567,15%,No
1568,7%,No
1569,15%,No
1570,10%,Yes
1571,12%,Yes
1572,12%,Yes
1573,10%,Yes
1574,10%,Yes
1575,7%,No
1576,7%,No
1577,7%,No
1578,15%,No
1579,12%,Yes
1580,5%,No
1581,15%,No
1582,10%,Yes
1583,7%,No
1584,10%,Yes
1585,7%,No
1586,10%,Yes
1587,15%,No
1588,10%,Yes
1589,12%,Yes
1590,15%,No
1591,12%,Yes
1592,12%,Yes
1593,15%,No
1594,7%,No
1595,10%,Yes
1596,7%,No
1597,10%,Yes
1598,12%,Yes
1599,10%,Yes
1600,12%,Yes
1601,15%,No
1602,7%,No
1603,12%,Yes
1604,10%,Yes
1605,10%,Yes
1606,12%,Yes
1607,7%,No
1608,10%,Yes
1609,15%,No
1610,10%,Yes
1611,7%,No
1612,12%,Yes
1613,10%,Yes
1614,10%,Yes
1615,10%,Yes
1616,10%,Yes
1617,7%,No
1618,12%,Yes
1619,15%,No
1620,12%,Yes
1621,12%,Yes
1622,10%,Yes
1623,12%,Yes
1624,10%,Yes
1625,12%,Yes
1626,12%,Yes
1627,15%,No
1628,12%,Yes
1629,12%,Yes
1630,7%,No
1631,15%,No
1632,10%,Yes
1633,10%,Yes
1634,7%,No
1635,5%,No
1636,10%,Yes
1637,15%,No
1638,7%,No
1639,5%,No
1640,10%,Yes
1641,7%,No
1642,10%,Yes
1643,5%,No
1644,10%,Yes
1645,5%,No
1646,10%,Yes
1647,10%,Yes
1648,15%,No
1649,10%,Yes
1650,10%,Yes
1651,12%,Yes
1652,5%,No
1653,10%,Yes
1654,12%,Yes
1655,7%,No
1656,7%,No
1657,7%,No
1658,7%,No
1659,7%,No
1660,10%,Yes
1661,12%,Yes
1662,10%,Yes
1663,12%,Yes
1664,10%,Yes
1665,7%,No
1666,5%,No
1667,10%,Yes
1668,12%,Yes
1669,10%,Yes
1670,12%,Yes
1671,10%,Yes
1672,12%,Yes
1673,15%,No
1674,10%,Yes
1675,5%,No
1676,7%,No
1677,12%,Yes
1678,10%,Yes
1679,10%,Yes
1680,10%,Yes
1681,15%,No
1682,15%,No
1683,10%,Yes
1684,5%,No
1685,7%,No
1686,12%,Yes
1687,10%,Yes
1688,12%,Yes
1689,12%,Yes
1690,12%,Yes
1691,5%,No
1692,15%,No
1693,12%,Yes
1694,5%,No
1695,10%,Yes
1696,10%,Yes
1697,7%,No
1698,10%,Yes
1699,12%,Yes
1700,7%,No
1701,10%,Yes
1702,12%,Yes
1703,10%,Yes
1704,7%,No
1705,15%,No
1706,10%,Yes
1707,7%,No
1708,10%,Yes
1709,15%,No
1710,12%,Yes
1711,10%,Yes
1712,7%,No
1713,10%,Yes
1714,5%,No
1715,10%,Yes
1716,7%,No
1717,12%,Yes
1718,10%,Yes
1719,12%,Yes
1720,12%,Yes
1721,12%,Yes
1722,7%,No
1723,10%,Yes
1724,7%,No
1725,15%,No
1726,7%,No
1727,5%,No
1728,7%,No
1729,10%,Yes
1730,12%,Yes
1731,10%,Yes
1732,10%,Yes
1733,12%,Yes
1734,10%,Yes
1735,7%,No
1736,12%,Yes
1737,10%,Yes
1738,10%,Yes
1739,7%,No
1740,12%,Yes
1741,10%,Yes
1742,12%,Yes
1743,15%,No
1744,12%,Yes
1745,12%,Yes
1746,12%,Yes
1747,10%,Yes
1748,5%,No
1749,12%,Yes
1750,10%,Yes
1751,10%,Yes
1752,12%,Yes
1753,15%,No
1754,10%,Yes
1755,10%,Yes
1756,7%,No
1757,10%,Yes
1758,10%,Yes
1759,12%,Yes
1760,7%,No
1761,7%,No
1762,10%,Yes
1763,15%,No
1764,12%,Yes
1765,10%,Yes
1766,7%,No
1767,12%,Yes
1768,10%,Yes
1769,15%,No
1770,12%,Yes
1771,10%,Yes
1772,10%,Yes
1773,15%,No
1774,5%,No
1775,7%,No
1776,5%,No
1777,5%,No
1778,15%,No
1779,12%,Yes
1780,12%,Yes
1781,10%,Yes
1782,10%,Yes
1783,10%,Yes
1784,12%,Yes
1785,10%,Yes
1786,10%,Yes
1787,5%,No
1788,10%,Yes
1789,10%,Yes
1790,7%,No
1791,10%,Yes
1792,12%,Yes
1793,15%,No
1794,10%,Yes
1795,7%,No
1796,10%,Yes
1797,7%,No
1798,7%,No
1799,12%,Yes
1800,10%,Yes
1801,5%,No
1802,7%,No
1803,12%,Yes
1804,15%,No
1805,12%,Yes
1806,7%,No
1807,10%,Yes
1808,15%,No
1809,5%,No
1810,10%,Yes
1811,10%,Yes
1812,10%,Yes
1813,15%,No
1814,7%,No
1815,10%,Yes
1816,15%,No
1817,10%,Yes
1818,10%,Yes
1819,10%,Yes
1820,7%,No
1821,10%,Yes
1822,7%,No
1823,10%,Yes
1824,10%,Yes
1825,12%,Yes
1826,15%,No
1827,12%,Yes
1828,7%,No
1829,5%,No
1830,7%,No
1831,12%,Yes
1832,10%,Yes
1833,10%,Yes
1834,7%,No
1835,10%,Yes
1836,10%,Yes
1837,10%,Yes
1838,12%,Yes
1839,10%,Yes
1840,12%,Yes
1841,15%,No
1842,12%,Yes
1843,10%,Yes
1844,5%,No
1845,7%,No
1846,15%,No
1847,10%,Yes
1848,15%,No
1849,12%,Yes
1850,12%,Yes
1851,12%,Yes
1852,10%,Yes
1853,12%,Yes
1854,7%,No
1855,7%,No
1856,7%,No
1857,10%,Yes
1858,10%,Yes
1859,7%,No
1860,10%,Yes
1861,10%,Yes
1862,15%,No
1863,12%,Yes
1864,15%,No
1865,10%,Yes
1866,10%,Yes
1867,12%,Yes
1868,10%,Yes
1869,7%,No
1870,7%,No
1871,7%,No
1872,10%,Yes
1873,10%,Yes
1874,10%,Yes
1875,10%,Yes
1876,15%,No
1877,10%,Yes
1878,10%,Yes
1879,10%,Yes
1880,7%,No
1881,10%,Yes
1882,12%,Yes
1883,12%,Yes
1884,7%,No
1885,10%,Yes
1886,12%,Yes
1887,7%,No
1888,10%,Yes
1889,12%,Yes
1890,7%,No
1891,7%,No
1892,10%,Yes
1893,5%,No
1894,10%,Yes
1895,10%,Yes
1896,10%,Yes
1897,15%,No
1898,12%,Yes
1899,10%,Yes
1900,12%,Yes
1901,10%,Yes
1902,12%,Yes
1903,15%,No
1904,10%,Yes
1905,7%,No
1906,15%,No
1907,7%,No
1908,10%,Yes
1909,12%,Yes
1910,7%,No
1911,15%,No
1912,7%,No
1913,12%,Yes
1914,12%,Yes
1915,10%,Yes
1916,10%,Yes
1917,12%,Yes
1918,12%,Yes
1919,10%,Yes
1920,10%,Yes
1921,7%,No
1922,10%,Yes
1923,10%,Yes
1924,15%,No
1925,5%,No
1926,15%,No
1927,7%,No
1928,10%,Yes
1929,10%,Yes
1930,10%,Yes
1931,7%,No
1932,7%,No
1933,7%,No
1934,15%,No
1935,5%,No
1936,7%,No
1937,10%,Yes
1938,10%,Yes
1939,7%,No
1940,12%,Yes
1941,10%,Yes
1942,15%,No
1943,10%,Yes
1944,10%,Yes
1945,12%,Yes
1946,12%,Yes
1947,10%,Yes
1948,10%,Yes
1949,12%,Yes
1950,12%,Yes
1951,10%,Yes
1952,10%,Yes
1953,15%,No
1954,7%,No
1955,12%,Yes
1956,12%,Yes
1957,12%,Yes
1958,7%,No
1959,12%,Yes
1960,15%,No
1961,10%,Yes
1962,15%,No
1963,10%,Yes
1964,7%,No
1965,10%,Yes
1966,10%,Yes
1967,5%,No
1968,10%,Yes
1969,7%,No
1970,12%,Yes
1971,7%,No
1972,7%,No
1973,10%,Yes
1974,10%,Yes
1975,12%,Yes
1976,5%,No
1977,7%,No
1978,15%,No
1979,7%,No
1980,7%,No
1981,15%,No
1982,15%,No
1983,10%,Yes
1984,10%,Yes
1985,10%,Yes
1986,7%,No
1987,5%,No
1988,10%,Yes
1989,12%,Yes
1990,7%,No
1991,7%,No
1992,15%,No
1993,12%,Yes
1994,7%,No
1995,10%,Yes
1996,15%,No
1997,15%,No
1998,10%,Yes
1999,10%,Yes
2000,12%,Yes
2001,12%,Yes
2002,12%,Yes
2003,10%,Yes
2004,15%,No
2005,15%,No
2006,15%,No
2007,10%,Yes
2008,10%,Yes
2009,7%,No
2010,15%,No
2011,10%,Yes
2012,15%,No
2013,10%,Yes
2014,12%,Yes
2015,10%,Yes
2016,10%,Yes
2017,15%,No
2018,12%,Yes
2019,10%,Yes
2020,12%,Yes
2021,12%,Yes
2022,12%,Yes
2023,12%,Yes
2024,12%,Yes
2025,10%,Yes
2026,10%,Yes
2027,12%,Yes
2028,15%,No
2029,15%,No
2030,7%,No
2031,10%,Yes
2032,7%,No
2033,12%,Yes
2034,10%,Yes
2035,7%,No
2036,10%,Yes
2037,12%,Yes
2038,10%,Yes
2039,7%,No
2040,7%,No
2041,7%,No
2042,5%,No
2043,15%,No
2044,10%,Yes
2045,7%,No
2046,10%,Yes
2047,12%,Yes
2048,10%,Yes
2049,15%,No
2050,15%,No
2051,10%,Yes
2052,7%,No
2053,12%,Yes
2054,7%,No
2055,7%,No
2056,10%,Yes
2057,7%,No
2058,7%,No
2059,12%,Yes
2060,7%,No
2061,10%,Yes
2062,10%,Yes
2063,5%,No
2064,10%,Yes
2065,15%,No
2066,15%,No
2067,15%,No
2068,10%,Yes
2069,10%,Yes
2070,10%,Yes
2071,7%,No
2072,5%,No
2073,12%,Yes
2074,12%,Yes
2075,10%,Yes
2076,10%,Yes
2077,10%,Yes
2078,10%,Yes
2079,7%,No
2080,10%,Yes
2081,10%,Yes
2082,5%,No
2083,10%,Yes
2084,10%,Yes
2085,10%,Yes
2086,10%,Yes
2087,10%,Yes
2088,10%,Yes
2089,15%,No
2090,5%,No
2091,12%,Yes
2092,10%,Yes
2093,15%,No
2094,7%,No
2095,7%,No
2096,10%,Yes
2097,10%,Yes
2098,15%,No
2099,10%,Yes
2100,10%,Yes
2101,7%,No
2102,12%,Yes
2103,7%,No
2104,10%,Yes
2105,15%,No
2106,7%,No
2107,10%,Yes
2108,12%,Yes
2109,12%,Yes
2110,10%,Yes
2111,7%,No
2112,7%,No
2113,10%,Yes
2114,7%,No
2115,12%,Yes
2116,12%,Yes
2117,5%,No
2118,10%,Yes
2119,10%,Yes
2120,7%,No
2121,10%,Yes
2122,12%,Yes
2123,5%,No
2124,5%,No
2125,10%,Yes
2126,5%,No
2127,15%,No
2128,15%,No
2129,5%,No
2130,10%,Yes
2131,10%,Yes
2132,10%,Yes
2133,10%,Yes
2134,10%,Yes
2135,15%,No
2136,12%,Yes
2137,10%,Yes
2138,12%,Yes
2139,10%,Yes
2140,15%,No
2141,10%,Yes
2142,12%,Yes
2143,12%,Yes
2144,15%,No
2145,15%,No
2146,12%,Yes
2147,10%,Yes
2148,10%,Yes
2149,12%,Yes
2150,15%,No
2151,7%,No
2152,10%,Yes
2153,10%,Yes
2154,10%,Yes
2155,7%,No
2156,10%,Yes
2157,12%,Yes
2158,12%,Yes
2159,7%,No
2160,10%,Yes
2161,12%,Yes
2162,10%,Yes
2163,10%,Yes
2164,15%,No
2165,15%,No
2166,10%,Yes
2167,5%,No
2168,12%,Yes
2169,7%,No
2170,5%,No
2171,10%,Yes
2172,10%,Yes
2173,10%,Yes
2174,10%,Yes
2175,7%,No
2176,7%,No
2177,12%,Yes
2178,12%,Yes
2179,10%,Yes
2180,10%,Yes
2181,5%,No
2182,10%,Yes
2183,12%,Yes
2184,7%,No
2185,15%,No
2186,12%,Yes
2187,15%,No
2188,7%,No
2189,5%,No
2190,10%,Yes
2191,7%,No
2192,10%,Yes
2193,12%,Yes
2194,7%,No
2195,10%,Yes
2196,10%,Yes
2197,7%,No
2198,15%,No
2199,10%,Yes
2200,10%,Yes
2201,10%,Yes
2202,7%,No
2203,10%,Yes
2204,12%,Yes
2205,12%,Yes
2206,10%,Yes
2207,15%,No
2208,10%,Yes
2209,10%,Yes
2210,15%,No
2211,10%,Yes
2212,12%,Yes
2213,12%,Yes
2214,10%,Yes
2215,10%,Yes
2216,15%,No
2217,12%,Yes
2218,10%,Yes
2219,12%,Yes
2220,10%,Yes
2221,10%,Yes
2222,10%,Yes
2223,10%,Yes
2224,15%,No
2225,12%,Yes
2226,7%,No
2227,7%,No
2228,10%,Yes
2229,10%,Yes
2230,10%,Yes
2231,15%,No
2232,5%,No
2233,15%,No
2234,10%,Yes
2235,15%,No
2236,7%,No
2237,12%,Yes
2238,15%,No
2239,15%,No
2240,10%,Yes
2241,15%,No
2242,5%,No
2243,7%,No
2244,12%,Yes
2245,10%,Yes
2246,10%,Yes
2247,5%,No
2248,10%,Yes
2249,12%,Yes
2250,7%,No
2251,15%,No
2252,15%,No
2253,15%,No
2254,7%,No
2255,12%,Yes
2256,5%,No
2257,10%,Yes
2258,10%,Yes
2259,12%,Yes
2260,7%,No
2261,10%,Yes
2262,7%,No
2263,12%,Yes
2264,12%,Yes
2265,10%,Yes
2266,5%,No
2267,10%,Yes
2268,7%,No
2269,7%,No
2270,10%,Yes
2271,7%,No
2272,10%,Yes
2273,5%,No
2274,5%,No
2275,7%,No
2276,12%,Yes
2277,10%,Yes
2278,10%,Yes
2279,10%,Yes
2280,15%,No
2281,15%,No
2282,10%,Yes
2283,15%,No
2284,12%,Yes
2285,10%,Yes
2286,10%,Yes
2287,7%,No
2288,10%,Yes
2289,10%,Yes
2290,10%,Yes
2291,15%,No
2292,5%,No
2293,7%,No
2294,10%,Yes
2295,12%,Yes
2296,7%,No
2297,10%,Yes
2298,10%,Yes
2299,7%,No
2300,5%,No
2301,5%,No
2302,12%,Yes
2303,10%,Yes
2304,7%,No
2305,12%,Yes
2306,10%,Yes
2307,12%,Yes
2308,10%,Yes
2309,12%,Yes
2310,10%,Yes
2311,7%,No
2312,15%,No
2313,10%,Yes
2314,10%,Yes
2315,12%,Yes
2316,12%,Yes
2317,15%,No
2318,5%,No
2319,7%,No
2320,15%,No
2321,15%,No
2322,15%,No
2323,5%,No
2324,12%,Yes
2325,5%,No
2326,15%,No
2327,12%,Yes
2328,12%,Yes
2329,10%,Yes
2330,7%,No
2331,10%,Yes
2332,7%,No
2333,10%,Yes
2334,7%,No
2335,15%,No
2336,5%,No
2337,12%,Yes
2338,15%,No
2339,15%,No
2340,7%,No
2341,10%,Yes
2342,5%,No
2343,10%,Yes
2344,10%,Yes
2345,15%,No
2346,12%,Yes
2347,5%,No
2348,10%,Yes
2349,15%,No
2350,10%,Yes
2351,15%,No
2352,10%,Yes
2353,15%,No
2354,10%,Yes
2355,10%,Yes
2356,12%,Yes
2357,10%,Yes
2358,10%,Yes
2359,7%,No
2360,7%,No
2361,10%,Yes
2362,7%,No
2363,10%,Yes
2364,12%,Yes
2365,12%,Yes
2366,15%,No
2367,15%,No
2368,12%,Yes
2369,10%,Yes
2370,12%,Yes
2371,15%,No
2372,12%,Yes
2373,15%,No
2374,7%,No
2375,12%,Yes
2376,10%,Yes
2377,7%,No
2378,10%,Yes
2379,10%,Yes
2380,7%,No
2381,10%,Yes
2382,15%,No
2383,7%,No
2384,7%,No
2385,12%,Yes
2386,10%,Yes
2387,10%,Yes
2388,10%,Yes
2389,10%,Yes
2390,5%,No
2391,12%,Yes
2392,12%,Yes
2393,7%,No
2394,12%,Yes
2395,15%,No
2396,12%,Yes
2397,7%,No
2398,10%,Yes
2399,5%,No
2400,7%,No
2401,12%,Yes
2402,15%,No
2403,12%,Yes
2404,10%,Yes
2405,12%,Yes
2406,10%,Yes
2407,12%,Yes
2408,10%,Yes
2409,15%,No
2410,7%,No
2411,15%,No
2412,10%,Yes
2413,5%,No
2414,10%,Yes
2415,10%,Yes
2416,5%,No
2417,15%,No
2418,10%,Yes
2419,10%,Yes
2420,10%,Yes
2421,5%,No
2422,15%,No
2423,12%,Yes
2424,10%,Yes
2425,12%,Yes
2426,15%,No
2427,5%,No
2428,5%,No
2429,7%,No
2430,15%,No
2431,5%,No
2432,10%,Yes
2433,5%,No
2434,7%,No
2435,7%,No
2436,15%,No
2437,10%,Yes
2438,15%,No
2439,12%,Yes
2440,10%,Yes
2441,7%,No
2442,10%,Yes
2443,12%,Yes
2444,7%,No
2445,10%,Yes
2446,10%,Yes
2447,7%,No
2448,10%,Yes
2449,10%,Yes
2450,5%,No
2451,10%,Yes
2452,10%,Yes
2453,12%,Yes
2454,7%,No
2455,12%,Yes
2456,7%,No
2457,12%,Yes
2458,10%,Yes
2459,10%,Yes
2460,10%,Yes
2461,12%,Yes
2462,10%,Yes
2463,7%,No
2464,10%,Yes
2465,5%,No
2466,15%,No
2467,10%,Yes
2468,7%,No
2469,12%,Yes
2470,15%,No
2471,10%,Yes
2472,15%,No
2473,10%,Yes
2474,12%,Yes
2475,10%,Yes
2476,10%,Yes
2477,10%,Yes
2478,7%,No
2479,12%,Yes
2480,10%,Yes
2481,10%,Yes
2482,10%,Yes
2483,12%,Yes
2484,10%,Yes
2485,10%,Yes
2486,7%,No
2487,7%,No
2488,15%,No
2489,10%,Yes
2490,5%,No
2491,7%,No
2492,7%,No
2493,10%,Yes
2494,10%,Yes
2495,15%,No
2496,7%,No
2497,10%,Yes
2498,10%,Yes
2499,5%,No
2500,10%,Yes
2501,10%,Yes
2502,10%,Yes
2503,7%,No
2504,15%,No
2505,12%,Yes
2506,10%,Yes
2507,7%,No
2508,15%,No
2509,15%,No
2510,7%,No
2511,5%,No
2512,10%,Yes
2513,10%,Yes
2514,12%,Yes
2515,7%,No
2516,10%,Yes
2517,7%,No
2518,7%,No
2519,15%,No
2520,5%,No
2521,5%,No
2522,10%,Yes
2523,12%,Yes
2524,7%,No
2525,5%,No
2526,12%,Yes
2527,7%,No
2528,10%,Yes
2529,10%,Yes
2530,7%,No
2531,7%,No
2532,15%,No
2533,10%,Yes
2534,10%,Yes
2535,10%,Yes
2536,5%,No
2537,7%,No
2538,5%,No
2539,10%,Yes
2540,15%,No
2541,10%,Yes
2542,7%,No
2543,12%,Yes
2544,7%,No
2545,7%,No
2546,15%,No
2547,15%,No
2548,5%,No
2549,12%,Yes
2550,5%,No
2551,15%,No
2552,15%,No
2553,7%,No
2554,10%,Yes
2555,10%,Yes
2556,10%,Yes
2557,10%,Yes
2558,7%,No
2559,10%,Yes
2560,12%,Yes
2561,15%,No
2562,7%,No
2563,7%,No
2564,12%,Yes
2565,12%,Yes
2566,10%,Yes
2567,10%,Yes
2568,7%,No
2569,12%,Yes
2570,7%,No
2571,15%,No
2572,12%,Yes
2573,10%,Yes
2574,10%,Yes
2575,10%,Yes
2576,10%,Yes
2577,12%,Yes
2578,10%,Yes
2579,10%,Yes
2580,10%,Yes
2581,10%,Yes
2582,12%,Yes
2583,10%,Yes
2584,10%,Yes
2585,10%,Yes
2586,10%,Yes
2587,5%,No
2588,12%,Yes
2589,10%,Yes
2590,12%,Yes
2591,10%,Yes
2592,5%,No
2593,10%,Yes
2594,10%,Yes
2595,10%,Yes
2596,10%,Yes
2597,7%,No
2598,10%,Yes
2599,10%,Yes
2600,12%,Yes
2601,10%,Yes
2602,12%,Yes
2603,5%,No
2604,7%,No
2605,7%,No
2606,7%,No
2607,15%,No
2608,15%,No
2609,5%,No
2610,10%,Yes
2611,7%,No
2612,5%,No
2613,12%,Yes
2614,10%,Yes
2615,5%,No
2616,10%,Yes
2617,15%,No
2618,7%,No
2619,10%,Yes
2620,12%,Yes
2621,12%,Yes
2622,15%,No
2623,7%,No
2624,15%,No
2625,10%,Yes
2626,10%,Yes
2627,5%,No
2628,10%,Yes
2629,10%,Yes
2630,12%,Yes
2631,7%,No
2632,10%,Yes
2633,10%,Yes
2634,10%,Yes
2635,15%,No
2636,7%,No
2637,5%,No
2638,7%,No
2639,7%,No
2640,12%,Yes
2641,10%,Yes
2642,12%,Yes
2643,10%,Yes
2644,7%,No
2645,7%,No
2646,7%,No
2647,10%,Yes
2648,15%,No
2649,7%,No
2650,10%,Yes
2651,10%,Yes
2652,15%,No
2653,10%,Yes
2654,10%,Yes
2655,5%,No
2656,10%,Yes
2657,12%,Yes
2658,10%,Yes
2659,10%,Yes
2660,15%,No
2661,7%,No
2662,15%,No
2663,10%,Yes
2664,15%,No
2665,12%,Yes
2666,12%,Yes
2667,15%,No
2668,15%,No
2669,5%,No
2670,7%,No
2671,10%,Yes
2672,15%,No
2673,15%,No
2674,10%,Yes
2675,10%,Yes
2676,12%,Yes
2677,7%,No
2678,7%,No
2679,7%,No
2680,7%,No
2681,10%,Yes
2682,15%,No
2683,15%,No
2684,10%,Yes
2685,10%,Yes
2686,15%,No
2687,12%,Yes
2688,10%,Yes
2689,7%,No
2690,10%,Yes
2691,10%,Yes
2692,12%,Yes
2693,15%,No
2694,15%,No
2695,7%,No
2696,10%,Yes
2697,5%,No
2698,5%,No
2699,10%,Yes
2700,15%,No
2701,12%,Yes
2702,10%,Yes
2703,15%,No
2704,12%,Yes
2705,7%,No
2706,5%,No
2707,15%,No
2708,10%,Yes
2709,10%,Yes
2710,12%,Yes
2711,5%,No
2712,7%,No
2713,5%,No
2714,5%,No
2715,12%,Yes
2716,15%,No
2717,15%,No
2718,12%,Yes
2719,12%,Yes
2720,10%,Yes
2721,7%,No
2722,15%,No
2723,7%,No
2724,15%,No
2725,15%,No
2726,10%,Yes
2727,12%,Yes
2728,12%,Yes
2729,12%,Yes
2730,10%,Yes
2731,12%,Yes
2732,10%,Yes
2733,12%,Yes
2734,10%,Yes
2735,10%,Yes
2736,7%,No
2737,7%,No
2738,7%,No
2739,15%,No
2740,12%,Yes
2741,10%,Yes
2742,10%,Yes
2743,15%,No
2744,10%,Yes
2745,12%,Yes
2746,15%,No
2747,10%,Yes
2748,12%,Yes
2749,5%,No
2750,5%,No
2751,15%,No
2752,10%,Yes
2753,12%,Yes
2754,7%,No
2755,10%,Yes
2756,12%,Yes
2757,12%,Yes
2758,10%,Yes
2759,10%,Yes
2760,15%,No
2761,10%,Yes
2762,15%,No
2763,10%,Yes
2764,10%,Yes
2765,7%,No
2766,10%,Yes
2767,12%,Yes
2768,7%,No
2769,7%,No
2770,10%,Yes
2771,15%,No
2772,5%,No
2773,7%,No
2774,7%,No
2775,15%,No
2776,10%,Yes
2777,10%,Yes
2778,10%,Yes
2779,7%,No
2780,12%,Yes
2781,15%,No
2782,15%,No
2783,7%,No
2784,7%,No
2785,12%,Yes
2786,10%,Yes
2787,7%,No
2788,15%,No
2789,15%,No
2790,10%,Yes
2791,7%,No
2792,10%,Yes
2793,12%,Yes
2794,15%,No
2795,5%,No
2796,12%,Yes
2797,5%,No
2798,12%,Yes
2799,12%,Yes
2800,7%,No
2801,10%,Yes
2802,12%,Yes
2803,5%,No
2804,12%,Yes
2805,7%,No
2806,10%,Yes
2807,7%,No
2808,7%,No
2809,7%,No
2810,10%,Yes
2811,10%,Yes
2812,5%,No
2813,10%,Yes
2814,10%,Yes
2815,12%,Yes
2816,10%,Yes
2817,7%,No
2818,12%,Yes
2819,10%,Yes
2820,7%,No
2821,10%,Yes
2822,15%,No
2823,10%,Yes
2824,10%,Yes
2825,10%,Yes
2826,12%,Yes
2827,10%,Yes
2828,10%,Yes
2829,10%,Yes
2830,10%,Yes
2831,7%,No
2832,12%,Yes
2833,10%,Yes
2834,10%,Yes
2835,5%,No
2836,12%,Yes
2837,12%,Yes
2838,15%,No
2839,5%,No
2840,10%,Yes
2841,7%,No
2842,12%,Yes
2843,5%,No
2844,10%,Yes
2845,10%,Yes
2846,10%,Yes
2847,10%,Yes
2848,12%,Yes
2849,15%,No
2850,5%,No
2851,7%,No
2852,10%,Yes
2853,7%,No
2854,12%,Yes
2855,15%,No
2856,15%,No
2857,5%,No
2858,7%,No
2859,10%,Yes
2860,10%,Yes
2861,7%,No
2862,5%,No
2863,5%,No
2864,10%,Yes
2865,10%,Yes
2866,10%,Yes
2867,10%,Yes
2868,15%,No
2869,12%,Yes
2870,10%,Yes
2871,12%,Yes
2872,10%,Yes
2873,10%,Yes
2874,7%,No
2875,10%,Yes
2876,10%,Yes
2877,7%,No
2878,10%,Yes
2879,10%,Yes
2880,12%,Yes
2881,12%,Yes
2882,12%,Yes
2883,12%,Yes
2884,7%,No
2885,15%,No
2886,10%,Yes
2887,7%,No
2888,15%,No
2889,7%,No
2890,10%,Yes
2891,12%,Yes
2892,12%,Yes
2893,7%,No
2894,7%,No
2895,7%,No
2896,10%,Yes
2897,10%,Yes
2898,5%,No
2899,15%,No
2900,15%,No
2901,12%,Yes
2902,12%,Yes
2903,15%,No
2904,7%,No
2905,15%,No
2906,12%,Yes
2907,5%,No
2908,10%,Yes
2909,12%,Yes
2910,12%,Yes
2911,10%,Yes
2912,10%,Yes
2913,15%,No
2914,5%,No
2915,10%,Yes
2916,10%,Yes
2917,12%,Yes
2918,12%,Yes
2919,10%,Yes
2920,15%,No
2921,7%,No
2922,10%,Yes
2923,12%,Yes
2924,7%,No
2925,12%,Yes
2926,7%,No
2927,12%,Yes
2928,10%,Yes
2929,7%,No
2930,12%,Yes
2931,7%,No
2932,10%,Yes
2933,7%,No
2934,10%,Yes
2935,10%,Yes
2936,15%,No
2937,7%,No
2938,7%,No
2939,10%,Yes
2940,12%,Yes
2941,10%,Yes
2942,7%,No
2943,10%,Yes
2944,7%,No
2945,15%,No
2946,10%,Yes
2947,7%,No
2948,7%,No
2949,12%,Yes
2950,7%,No
2951,12%,Yes
2952,10%,Yes
2953,7%,No
2954,10%,Yes
2955,12%,Yes
2956,15%,No
2957,10%,Yes
2958,10%,Yes
2959,10%,Yes
2960,10%,Yes
2961,5%,No
2962,10%,Yes
2963,10%,Yes
2964,15%,No
2965,5%,No
2966,10%,Yes
2967,15%,No
2968,15%,No
2969,10%,Yes
2970,10%,Yes
2971,12%,Yes
2972,10%,Yes
2973,5%,No
2974,15%,No
2975,15%,No
2976,12%,Yes
2977,5%,No
2978,12%,Yes
2979,7%,No
2980,10%,Yes
2981,10%,Yes
2982,12%,Yes
2983,10%,Yes
2984,12%,Yes
2985,7%,No
2986,10%,Yes
2987,10%,Yes
2988,12%,Yes
2989,7%,No
2990,10%,Yes
2991,10%,Yes
2992,10%,Yes
2993,7%,No
2994,5%,No
2995,12%,Yes
2996,10%,Yes
2997,7%,No
2998,7%,No
2999,10%,Yes
3000,12%,Yes
3001,15%,No
3002,5%,No
3003,10%,Yes
3004,10%,Yes
3005,12%,Yes
3006,7%,No
3007,10%,Yes
3008,12%,Yes
3009,15%,No
3010,12%,Yes
3011,12%,Yes
3012,10%,Yes
3013,10%,Yes
3014,10%,Yes
3015,7%,No
3016,7%,No
3017,10%,Yes
3018,10%,Yes
3019,15%,No
3020,5%,No
3021,10%,Yes
3022,10%,Yes
3023,15%,No
3024,10%,Yes
3025,7%,No
3026,15%,No
3027,10%,Yes
3028,12%,Yes
3029,10%,Yes
3030,10%,Yes
3031,15%,No
3032,10%,Yes
3033,10%,Yes
3034,7%,No
3035,15%,No
3036,7%,No
3037,7%,No
3038,10%,Yes
3039,10%,Yes
3040,7%,No
3041,10%,Yes
3042,12%,Yes
3043,5%,No
3044,10%,Yes
3045,15%,No
3046,12%,Yes
3047,15%,No
3048,15%,No
3049,10%,Yes
3050,10%,Yes
3051,5%,No
3052,10%,Yes
3053,15%,No
3054,15%,No
3055,15%,No
3056,15%,No
3057,7%,No
3058,7%,No
3059,12%,Yes
3060,7%,No
3061,5%,No
3062,10%,Yes
3063,10%,Yes
3064,12%,Yes
3065,12%,Yes
3066,5%,No
3067,10%,Yes
3068,7%,No
3069,15%,No
3070,7%,No
3071,15%,No
3072,7%,No
3073,7%,No
3074,12%,Yes
3075,15%,No
3076,12%,Yes
3077,10%,Yes
3078,7%,No
3079,7%,No
3080,10%,Yes
3081,7%,No
3082,15%,No
3083,7%,No
3084,10%,Yes
3085,7%,No
3086,12%,Yes
3087,10%,Yes
3088,7%,No
3089,7%,No
3090,15%,No
3091,10%,Yes
3092,12%,Yes
3093,10%,Yes
3094,10%,Yes
3095,15%,No
3096,10%,Yes
3097,12%,Yes
3098,15%,No
3099,10%,Yes
3100,10%,Yes
3101,12%,Yes
3102,10%,Yes
3103,5%,No
3104,12%,Yes
3105,10%,Yes
3106,10%,Yes
3107,15%,No
3108,12%,Yes
3109,10%,Yes
3110,5%,No
3111,10%,Yes
3112,7%,No
3113,10%,Yes
3114,10%,Yes
3115,7%,No
3116,10%,Yes
3117,5%,No
3118,10%,Yes
3119,10%,Yes
3120,15%,No
3121,10%,Yes
3122,10%,Yes
3123,10%,Yes
3124,10%,Yes
3125,10%,Yes
3126,5%,No
3127,12%,Yes
3128,12%,Yes
3129,5%,No
3130,15%,No
3131,10%,Yes
3132,5%,No
3133,10%,Yes
3134,7%,No
3135,15%,No
3136,15%,No
3137,10%,Yes
3138,5%,No
3139,10%,Yes
3140,12%,Yes
3141,10%,Yes
3142,12%,Yes
3143,15%,No
3144,10%,Yes
3145,15%,No
3146,7%,No
3147,12%,Yes
3148,12%,Yes
3149,10%,Yes
3150,12%,Yes
3151,7%,No
3152,10%,Yes
3153,10%,Yes
3154,10%,Yes
3155,12%,Yes
3156,10%,Yes
3157,12%,Yes
3158,10%,Yes
3159,12%,Yes
3160,12%,Yes
3161,10%,Yes
3162,12%,Yes
3163,15%,No
3164,10%,Yes
3165,12%,Yes
3166,5%,No
3167,12%,Yes
3168,10%,Yes
3169,7%,No
3170,10%,Yes
3171,7%,No
3172,7%,No
3173,10%,Yes
3174,10%,Yes
3175,12%,Yes
3176,10%,Yes
3177,15%,No
3178,10%,Yes
3179,15%,No
3180,7%,No
3181,10%,Yes
3182,5%,No
3183,10%,Yes
3184,15%,No
3185,7%,No
3186,10%,Yes
3187,12%,Yes
3188,12%,Yes
3189,12%,Yes
3190,15%,No
3191,10%,Yes
3192,12%,Yes
3193,10%,Yes
3194,12%,Yes
3195,15%,No
3196,7%,No
3197,12%,Yes
3198,7%,No
3199,12%,Yes
3200,12%,Yes
3201,7%,No
3202,10%,Yes
3203,10%,Yes
3204,5%,No
3205,5%,No
3206,10%,Yes
3207,15%,No
3208,10%,Yes
3209,12%,Yes
3210,15%,No
3211,10%,Yes
3212,12%,Yes
3213,15%,No
3214,12%,Yes
3215,7%,No
3216,5%,No
3217,12%,Yes
3218,10%,Yes
3219,10%,Yes
3220,5%,No
3221,10%,Yes
3222,12%,Yes
3223,10%,Yes
3224,7%,No
3225,12%,Yes
3226,10%,Yes
3227,15%,No
3228,10%,Yes
3229,7%,No
3230,10%,Yes
3231,15%,No
3232,15%,No
3233,7%,No
3234,10%,Yes
3235,12%,Yes
3236,10%,Yes
3237,10%,Yes
3238,10%,Yes
3239,15%,No
3240,10%,Yes
3241,15%,No
3242,10%,Yes
3243,10%,Yes
3244,10%,Yes
3245,10%,Yes
3246,10%,Yes
3247,15%,No
3248,10%,Yes
3249,10%,Yes
3250,10%,Yes
3251,5%,No
3252,5%,No
3253,15%,No
3254,10%,Yes
3255,12%,Yes
3256,10%,Yes
3257,12%,Yes
3258,10%,Yes
3259,15%,No
3260,10%,Yes
3261,10%,Yes
3262,12%,Yes
3263,7%,No
3264,10%,Yes
3265,12%,Yes
3266,12%,Yes
3267,5%,No
3268,12%,Yes
3269,10%,Yes
3270,12%,Yes
3271,12%,Yes
3272,7%,No
3273,15%,No
3274,10%,Yes
3275,7%,No
3276,10%,Yes
3277,10%,Yes
3278,7%,No
3279,10%,Yes
3280,10%,Yes
3281,12%,Yes
3282,12%,Yes
3283,10%,Yes
3284,5%,No
3285,7%,No
3286,10%,Yes
3287,5%,No
3288,7%,No
3289,7%,No
3290,10%,Yes
3291,5%,No
3292,10%,Yes
3293,7%,No
3294,5%,No
3295,7%,No
3296,10%,Yes
3297,7%,No
3298,10%,Yes
3299,5%,No
3300,7%,No
3301,7%,No
3302,10%,Yes
3303,12%,Yes
3304,10%,Yes
3305,10%,Yes
3306,10%,Yes
3307,5%,No
3308,12%,Yes
3309,10%,Yes
3310,10%,Yes
3311,5%,No
3312,10%,Yes
3313,15%,No
3314,10%,Yes
3315,7%,No
3316,10%,Yes
3317,10%,Yes
3318,10%,Yes
3319,5%,No
3320,10%,Yes
3321,10%,Yes
3322,5%,No
3323,12%,Yes
3324,12%,Yes
3325,10%,Yes
3326,15%,No
3327,10%,Yes
3328,7%,No
3329,15%,No
3330,12%,Yes
3331,15%,No
3332,10%,Yes
3333,10%,Yes
3334,7%,No
3335,10%,Yes
3336,12%,Yes
3337,10%,Yes
3338,5%,No
3339,12%,Yes
3340,10%,Yes
3341,10%,Yes
3342,5%,No
3343,5%,No
3344,12%,Yes
3345,10%,Yes
3346,10%,Yes
3347,10%,Yes
3348,15%,No
3349,12%,Yes
3350,10%,Yes
3351,10%,Yes
3352,7%,No
3353,10%,Yes
3354,10%,Yes
3355,10%,Yes
3356,7%,No
3357,10%,Yes
3358,12%,Yes
3359,10%,Yes
3360,10%,Yes
3361,5%,No
3362,15%,No
3363,10%,Yes
3364,12%,Yes
3365,10%,Yes
3366,10%,Yes
3367,7%,No
3368,10%,Yes
3369,15%,No
3370,12%,Yes
3371,10%,Yes
3372,12%,Yes
3373,12%,Yes
3374,15%,No
3375,7%,No
3376,15%,No
3377,12%,Yes
3378,12%,Yes
3379,10%,Yes
3380,10%,Yes
3381,10%,Yes
3382,12%,Yes
3383,7%,No
3384,5%,No
3385,10%,Yes
3386,12%,Yes
3387,10%,Yes
3388,7%,No
3389,7%,No
3390,10%,Yes
3391,10%,Yes
3392,10%,Yes
3393,12%,Yes
3394,10%,Yes
3395,15%,No
3396,12%,Yes
3397,12%,Yes
3398,10%,Yes
3399,12%,Yes
3400,12%,Yes
3401,10%,Yes
3402,12%,Yes
3403,7%,No
3404,15%,No
3405,10%,Yes
3406,10%,Yes
3407,7%,No
3408,7%,No
3409,10%,Yes
3410,10%,Yes
3411,15%,No
3412,15%,No
3413,15%,No
3414,12%,Yes
3415,15%,No
3416,10%,Yes
3417,15%,No
3418,5%,No
3419,5%,No
3420,12%,Yes
3421,12%,Yes
3422,15%,No
3423,5%,No
3424,15%,No
3425,10%,Yes
3426,10%,Yes
3427,10%,Yes
3428,12%,Yes
3429,10%,Yes
3430,12%,Yes
3431,12%,Yes
3432,10%,Yes
3433,15%,No
3434,7%,No
3435,10%,Yes
3436,10%,Yes
3437,12%,Yes
3438,5%,No
3439,10%,Yes
3440,10%,Yes
3441,10%,Yes
3442,10%,Yes
3443,7%,No
3444,10%,Yes
3445,10%,Yes
3446,10%,Yes
3447,15%,No
3448,15%,No
3449,5%,No
3450,7%,No
3451,7%,No
3452,10%,Yes
3453,5%,No
3454,12%,Yes
3455,10%,Yes
3456,10%,Yes
3457,10%,Yes
3458,10%,Yes
3459,7%,No
3460,10%,Yes
3461,7%,No
3462,15%,No
3463,7%,No
3464,10%,Yes
3465,5%,No
3466,7%,No
3467,10%,Yes
3468,10%,Yes
3469,12%,Yes
3470,10%,Yes
3471,5%,No
3472,15%,No
3473,10%,Yes
3474,7%,No
3475,12%,Yes
3476,15%,No
3477,15%,No
3478,7%,No
3479,10%,Yes
3480,10%,Yes
3481,15%,No
3482,10%,Yes
3483,12%,Yes
3484,12%,Yes
3485,10%,Yes
3486,12%,Yes
3487,12%,Yes
3488,15%,No
3489,7%,No
3490,10%,Yes
3491,15%,No
3492,12%,Yes
3493,10%,Yes
3494,12%,Yes
3495,12%,Yes
3496,7%,No
3497,15%,No
3498,7%,No
3499,15%,No
3500,10%,Yes
3501,10%,Yes
3502,15%,No
3503,10%,Yes
3504,7%,No
3505,10%,Yes
3506,12%,Yes
3507,12%,Yes
3508,7%,No
3509,10%,Yes
3510,12%,Yes
3511,15%,No
3512,10%,Yes
3513,10%,Yes
3514,7%,No
3515,15%,No
3516,12%,Yes
3517,15%,No
3518,12%,Yes
3519,7%,No
3520,12%,Yes
3521,7%,No
3522,15%,No
3523,7%,No
3524,10%,Yes
3525,10%,Yes
3526,12%,Yes
3527,7%,No
3528,7%,No
3529,10%,Yes
3530,12%,Yes
3531,7%,No
3532,15%,No
3533,10%,Yes
3534,15%,No
3535,15%,No
3536,10%,Yes
3537,7%,No
3538,7%,No
3539,15%,No
3540,7%,No
3541,7%,No
3542,12%,Yes
3543,5%,No
3544,12%,Yes
3545,10%,Yes
3546,15%,No
3547,10%,Yes
3548,10%,Yes
3549,10%,Yes
3550,10%,Yes
3551,15%,No
3552,7%,No
3553,12%,Yes
3554,15%,No
3555,7%,No
3556,7%,No
3557,10%,Yes
3558,5%,No
3559,10%,Yes
3560,10%,Yes
3561,10%,Yes
3562,15%,No
3563,15%,No
3564,10%,Yes
3565,10%,Yes
3566,7%,No
3567,7%,No
3568,10%,Yes
3569,15%,No
3570,15%,No
3571,12%,Yes
3572,10%,Yes
3573,7%,No
3574,10%,Yes
3575,10%,Yes
3576,5%,No
3577,15%,No
3578,12%,Yes
3579,15%,No
3580,10%,Yes
3581,10%,Yes
3582,10%,Yes
3583,10%,Yes
3584,10%,Yes
3585,15%,No
3586,12%,Yes
3587,12%,Yes
3588,10%,Yes
3589,7%,No
3590,7%,No
3591,10%,Yes
3592,5%,No
3593,15%,No
3594,15%,No
3595,10%,Yes
3596,7%,No
3597,7%,No
3598,10%,Yes
3599,7%,No
3600,7%,No
3601,7%,No
3602,10%,Yes
3603,10%,Yes
3604,7%,No
3605,10%,Yes
3606,10%,Yes
3607,15%,No
3608,10%,Yes
3609,10%,Yes
3610,10%,Yes
3611,5%,No
3612,7%,No
3613,15%,No
3614,10%,Yes
3615,7%,No
3616,12%,Yes
3617,12%,Yes
3618,10%,Yes
3619,10%,Yes
3620,12%,Yes
3621,15%,No
3622,15%,No
3623,10%,Yes
3624,12%,Yes
3625,10%,Yes
3626,12%,Yes
3627,10%,Yes
3628,12%,Yes
3629,10%,Yes
3630,10%,Yes
3631,12%,Yes
3632,10%,Yes
3633,15%,No
3634,7%,No
3635,12%,Yes
3636,15%,No
3637,15%,No
3638,15%,No
3639,7%,No
3640,5%,No
3641,7%,No
3642,5%,No
3643,10%,Yes
3644,10%,Yes
3645,12%,Yes
3646,10%,Yes
3647,7%,No
3648,12%,Yes
3649,12%,Yes
3650,10%,Yes
3651,10%,Yes
3652,7%,No
3653,10%,Yes
3654,5%,No
3655,12%,Yes
3656,10%,Yes
3657,5%,No
3658,15%,No
3659,10%,Yes
3660,15%,No
3661,15%,No
3662,15%,No
3663,7%,No
3664,10%,Yes
3665,5%,No
3666,10%,Yes
3667,12%,Yes
3668,10%,Yes
3669,10%,Yes
3670,10%,Yes
3671,15%,No
3672,10%,Yes
3673,15%,No
3674,10%,Yes
3675,12%,Yes
3676,12%,Yes
3677,7%,No
3678,10%,Yes
3679,10%,Yes
3680,5%,No
3681,12%,Yes
3682,10%,Yes
3683,10%,Yes
3684,12%,Yes
3685,7%,No
3686,10%,Yes
3687,15%,No
3688,10%,Yes
3689,7%,No
3690,10%,Yes
3691,10%,Yes
3692,15%,No
3693,5%,No
3694,10%,Yes
3695,12%,Yes
3696,10%,Yes
3697,10%,Yes
3698,12%,Yes
3699,7%,No
3700,10%,Yes
3701,10%,Yes
3702,15%,No
3703,15%,No
3704,15%,No
3705,12%,Yes
3706,10%,Yes
3707,15%,No
3708,10%,Yes
3709,10%,Yes
3710,10%,Yes
3711,10%,Yes
3712,10%,Yes
3713,7%,No
3714,15%,No
3715,12%,Yes
3716,10%,Yes
3717,10%,Yes
3718,10%,Yes
3719,10%,Yes
3720,10%,Yes
3721,10%,Yes
3722,5%,No
3723,5%,No
3724,15%,No
3725,12%,Yes
3726,12%,Yes
3727,10%,Yes
3728,10%,Yes
3729,5%,No
3730,15%,No
3731,10%,Yes
3732,7%,No
3733,15%,No
3734,10%,Yes
3735,7%,No
3736,15%,No
3737,7%,No
3738,12%,Yes
3739,7%,No
3740,10%,Yes
3741,10%,Yes
3742,7%,No
3743,10%,Yes
3744,10%,Yes
3745,10%,Yes
3746,7%,No
3747,5%,No
3748,7%,No
3749,10%,Yes
3750,12%,Yes
3751,10%,Yes
3752,10%,Yes
3753,5%,No
3754,12%,Yes
3755,15%,No
3756,10%,Yes
3757,7%,No
3758,10%,Yes
3759,15%,No
3760,15%,No
3761,10%,Yes
3762,10%,Yes
3763,10%,Yes
3764,12%,Yes
3765,10%,Yes
3766,10%,Yes
3767,10%,Yes
3768,10%,Yes
3769,12%,Yes
3770,10%,Yes
3771,10%,Yes
3772,12%,Yes
3773,10%,Yes
3774,10%,Yes
3775,12%,Yes
3776,7%,No
3777,15%,No
3778,10%,Yes
3779,15%,No
3780,7%,No
3781,15%,No
3782,15%,No
3783,5%,No
3784,10%,Yes
3785,12%,Yes
3786,12%,Yes
3787,15%,No
3788,10%,Yes
3789,7%,No
3790,10%,Yes
3791,10%,Yes
3792,7%,No
3793,10%,Yes
3794,10%,Yes
3795,10%,Yes
3796,7%,No
3797,10%,Yes
3798,10%,Yes
3799,12%,Yes
3800,5%,No
3801,10%,Yes
3802,7%,No
3803,7%,No
3804,7%,No
3805,10%,Yes
3806,10%,Yes
3807,15%,No
3808,7%,No
3809,12%,Yes
3810,15%,No
3811,10%,Yes
3812,12%,Yes
3813,7%,No
3814,10%,Yes
3815,12%,Yes
3816,10%,Yes
3817,5%,No
3818,10%,Yes
3819,15%,No
3820,7%,No
3821,12%,Yes
3822,15%,No
3823,7%,No
3824,10%,Yes
3825,10%,Yes
3826,10%,Yes
3827,5%,No
3828,10%,Yes
3829,7%,No
3830,7%,No
3831,10%,Yes
3832,7%,No
3833,15%,No
3834,5%,No
3835,12%,Yes
3836,15%,No
3837,7%,No
3838,7%,No
3839,10%,Yes
3840,15%,No
3841,7%,No
3842,10%,Yes
3843,5%,No
3844,12%,Yes
3845,10%,Yes
3846,12%,Yes
3847,10%,Yes
3848,10%,Yes
3849,12%,Yes
3850,12%,Yes
3851,10%,Yes
3852,10%,Yes
3853,10%,Yes
3854,10%,Yes
3855,7%,No
3856,10%,Yes
3857,15%,No
3858,10%,Yes
3859,12%,Yes
3860,10%,Yes
3861,10%,Yes
3862,5%,No
3863,12%,Yes
3864,10%,Yes
3865,12%,Yes
3866,7%,No
3867,12%,Yes
3868,5%,No
3869,12%,Yes
3870,5%,No
3871,15%,No
3872,10%,Yes
3873,5%,No
3874,15%,No
3875,10%,Yes
3876,12%,Yes
3877,15%,No
3878,7%,No
3879,10%,Yes
3880,12%,Yes
3881,12%,Yes
3882,7%,No
3883,10%,Yes
3884,10%,Yes
3885,15%,No
3886,12%,Yes
3887,10%,Yes
3888,7%,No
3889,15%,No
3890,7%,No
3891,12%,Yes
3892,12%,Yes
3893,10%,Yes
3894,10%,Yes
3895,7%,No
3896,10%,Yes
3897,7%,No
3898,7%,No
3899,15%,No
3900,7%,No
